n,pattern,seed,policy,L,rho,tau,C_N_online,c_star_N,r,r_star,r_ss,n_feasible,k,core_nonempty,core_epsilon,theorem11_applicable,theorem11_fires,r_sss,empty_mechanism
5,A,7,nearest_neighbor,2.2361,inf,0.0,8.2522,6.7467,1.2231,2.5319,1.3167,31,5,False,0.395498,True,False,1.1498669710029166,balanced_complement
5,A,7,cheapest_insertion,2.2361,inf,0.0,6.7467,6.7467,1.0,2.5319,1.3167,31,5,True,-0.804839,True,False,1.1498669710029166,core_nonempty
5,A,7,batch_reoptimize,2.2361,inf,0.0,6.7467,6.7467,1.0,2.5319,1.3167,31,5,True,-0.804839,True,False,1.1498669710029166,core_nonempty
5,A,42,nearest_neighbor,2.2361,inf,0.0,6.256,5.9151,1.0576,3.0129,1.1663,31,5,True,-0.321283,True,False,1.206720465360141,core_nonempty
5,A,42,cheapest_insertion,2.2361,inf,0.0,5.9151,5.9151,1.0,3.0129,1.1663,31,5,True,-0.491737,True,False,1.206720465360141,core_nonempty
5,A,42,batch_reoptimize,2.2361,inf,0.0,5.9151,5.9151,1.0,3.0129,1.1663,31,5,True,-0.491737,True,False,1.206720465360141,core_nonempty
5,A,99,nearest_neighbor,2.2361,inf,0.0,6.0732,5.7496,1.0563,3.0608,1.2331,31,5,True,-0.508189,True,False,1.211837780976721,core_nonempty
5,A,99,cheapest_insertion,2.2361,inf,0.0,5.7496,5.7496,1.0,3.0608,1.2331,31,5,True,-0.669998,True,False,1.211837780976721,core_nonempty
5,A,99,batch_reoptimize,2.2361,inf,0.0,5.7496,5.7496,1.0,3.0608,1.2331,31,5,True,-0.669998,True,False,1.211837780976721,core_nonempty
5,A,123,nearest_neighbor,2.2361,inf,0.0,6.3529,6.1072,1.0402,2.9295,1.3378,31,5,True,-0.471278,True,False,1.136684227120712,core_nonempty
5,A,123,cheapest_insertion,2.2361,inf,0.0,6.1199,6.1072,1.0021,2.9295,1.3378,31,5,True,-0.657657,True,False,1.136684227120712,core_nonempty
5,A,123,batch_reoptimize,2.2361,inf,0.0,6.1072,6.1072,1.0,2.9295,1.3378,31,5,True,-0.667808,True,False,1.136684227120712,core_nonempty
5,A,256,nearest_neighbor,2.2361,inf,0.0,6.1648,5.1672,1.1931,2.1502,1.1835,31,5,False,0.18882,True,True,1.147377949851403,single_complement
5,A,256,cheapest_insertion,2.2361,inf,0.0,5.1672,5.1672,1.0,2.1502,1.1835,31,5,True,-0.47419,True,False,1.147377949851403,core_nonempty
5,A,256,batch_reoptimize,2.2361,inf,0.0,5.1672,5.1672,1.0,2.1502,1.1835,31,5,True,-0.47419,True,False,1.147377949851403,core_nonempty
5,B_heavy,7,nearest_neighbor,2.2361,4.0,0.1781,7.0388,6.7467,1.0433,2.5319,1.3167,31,5,True,-0.575224,True,False,1.1498669710029166,core_nonempty
5,B_heavy,7,cheapest_insertion,2.2361,4.0,0.1781,7.4124,6.7467,1.0987,2.5319,1.3167,31,5,True,-0.276373,True,False,1.1498669710029166,core_nonempty
5,B_heavy,7,batch_reoptimize,2.2361,4.0,0.1781,7.0388,6.7467,1.0433,2.5319,1.3167,31,5,True,-0.575224,True,False,1.1498669710029166,core_nonempty
5,B_heavy,42,nearest_neighbor,2.2361,4.0,0.1781,6.7811,5.9151,1.1464,3.0129,1.1663,31,5,True,-0.058714,True,False,1.206720465360141,core_nonempty
5,B_heavy,42,cheapest_insertion,2.2361,4.0,0.1781,6.7811,5.9151,1.1464,3.0129,1.1663,31,5,True,-0.058714,True,False,1.206720465360141,core_nonempty
5,B_heavy,42,batch_reoptimize,2.2361,4.0,0.1781,6.7811,5.9151,1.1464,3.0129,1.1663,31,5,True,-0.058714,True,False,1.206720465360141,core_nonempty
5,B_heavy,99,nearest_neighbor,2.2361,4.0,0.1781,6.0015,5.7496,1.0438,3.0608,1.2331,31,5,True,-0.54405,True,False,1.211837780976721,core_nonempty
5,B_heavy,99,cheapest_insertion,2.2361,4.0,0.1781,5.7496,5.7496,1.0,3.0608,1.2331,31,5,True,-0.669998,True,False,1.211837780976721,core_nonempty
5,B_heavy,99,batch_reoptimize,2.2361,4.0,0.1781,5.7496,5.7496,1.0,3.0608,1.2331,31,5,True,-0.669998,True,False,1.211837780976721,core_nonempty
5,B_heavy,123,nearest_neighbor,2.2361,4.0,0.1781,7.5893,6.1072,1.2427,2.9295,1.3378,31,5,False,0.517901,True,False,1.136684227120712,balanced_complement
5,B_heavy,123,cheapest_insertion,2.2361,4.0,0.1781,6.1199,6.1072,1.0021,2.9295,1.3378,31,5,True,-0.657657,True,False,1.136684227120712,core_nonempty
5,B_heavy,123,batch_reoptimize,2.2361,4.0,0.1781,6.1199,6.1072,1.0021,2.9295,1.3378,31,5,True,-0.657657,True,False,1.136684227120712,core_nonempty
5,B_heavy,256,nearest_neighbor,2.2361,4.0,0.1781,6.1332,5.1672,1.1869,2.1502,1.1835,31,5,False,0.163574,True,True,1.147377949851403,single_complement
5,B_heavy,256,cheapest_insertion,2.2361,4.0,0.1781,5.5624,5.1672,1.0765,2.1502,1.1835,31,5,True,-0.27305,True,False,1.147377949851403,core_nonempty
5,B_heavy,256,batch_reoptimize,2.2361,4.0,0.1781,5.5624,5.1672,1.0765,2.1502,1.1835,31,5,True,-0.27305,True,False,1.147377949851403,core_nonempty
5,B_medium,7,nearest_neighbor,2.2361,2.0,0.3562,7.0388,6.7467,1.0433,2.5319,1.3167,31,5,True,-0.575224,True,False,1.1498669710029166,core_nonempty
5,B_medium,7,cheapest_insertion,2.2361,2.0,0.3562,7.4124,6.7467,1.0987,2.5319,1.3167,31,5,True,-0.276373,True,False,1.1498669710029166,core_nonempty
5,B_medium,7,batch_reoptimize,2.2361,2.0,0.3562,7.0388,6.7467,1.0433,2.5319,1.3167,31,5,True,-0.575224,True,False,1.1498669710029166,core_nonempty
5,B_medium,42,nearest_neighbor,2.2361,2.0,0.3562,6.7811,5.9151,1.1464,3.0129,1.1663,31,5,True,-0.058714,True,False,1.206720465360141,core_nonempty
5,B_medium,42,cheapest_insertion,2.2361,2.0,0.3562,6.7811,5.9151,1.1464,3.0129,1.1663,31,5,True,-0.058714,True,False,1.206720465360141,core_nonempty
5,B_medium,42,batch_reoptimize,2.2361,2.0,0.3562,6.7811,5.9151,1.1464,3.0129,1.1663,31,5,True,-0.058714,True,False,1.206720465360141,core_nonempty
5,B_medium,99,nearest_neighbor,2.2361,2.0,0.3562,6.0015,5.7496,1.0438,3.0608,1.2331,31,5,True,-0.54405,True,False,1.211837780976721,core_nonempty
5,B_medium,99,cheapest_insertion,2.2361,2.0,0.3562,5.7496,5.7496,1.0,3.0608,1.2331,31,5,True,-0.669998,True,False,1.211837780976721,core_nonempty
5,B_medium,99,batch_reoptimize,2.2361,2.0,0.3562,5.7496,5.7496,1.0,3.0608,1.2331,31,5,True,-0.669998,True,False,1.211837780976721,core_nonempty
5,B_medium,123,nearest_neighbor,2.2361,2.0,0.3562,7.5893,6.1072,1.2427,2.9295,1.3378,31,5,False,0.517901,True,False,1.136684227120712,balanced_complement
5,B_medium,123,cheapest_insertion,2.2361,2.0,0.3562,6.1199,6.1072,1.0021,2.9295,1.3378,31,5,True,-0.657657,True,False,1.136684227120712,core_nonempty
5,B_medium,123,batch_reoptimize,2.2361,2.0,0.3562,6.1199,6.1072,1.0021,2.9295,1.3378,31,5,True,-0.657657,True,False,1.136684227120712,core_nonempty
5,B_medium,256,nearest_neighbor,2.2361,2.0,0.3562,6.1332,5.1672,1.1869,2.1502,1.4259,23,4,True,-0.272306,True,False,,core_nonempty
5,B_medium,256,cheapest_insertion,2.2361,2.0,0.3562,5.5624,5.1672,1.0765,2.1502,1.4259,23,4,True,-0.557742,True,False,,core_nonempty
5,B_medium,256,batch_reoptimize,2.2361,2.0,0.3562,5.5624,5.1672,1.0765,2.1502,1.4259,23,4,True,-0.557742,True,False,,core_nonempty
5,B_light,7,nearest_neighbor,2.2361,0.5,1.4248,7.6965,6.7467,1.1408,2.5319,,7,2,True,-1.640314,False,False,,core_nonempty
5,B_light,7,cheapest_insertion,2.2361,0.5,1.4248,7.6965,6.7467,1.1408,2.5319,,7,2,True,-1.640314,False,False,,core_nonempty
5,B_light,7,batch_reoptimize,2.2361,0.5,1.4248,7.6965,6.7467,1.1408,2.5319,,7,2,True,-1.640314,False,False,,core_nonempty
5,B_light,42,nearest_neighbor,2.2361,0.5,1.4248,9.9757,5.9151,1.6865,3.0129,,9,2,True,-0.604982,False,False,,core_nonempty
5,B_light,42,cheapest_insertion,2.2361,0.5,1.4248,9.9757,5.9151,1.6865,3.0129,,9,2,True,-0.604982,False,False,,core_nonempty
5,B_light,42,batch_reoptimize,2.2361,0.5,1.4248,9.9757,5.9151,1.6865,3.0129,,9,2,True,-0.604982,False,False,,core_nonempty
5,B_light,99,nearest_neighbor,2.2361,0.5,1.4248,9.5247,5.7496,1.6566,3.0608,,8,2,True,-1.293142,False,False,,core_nonempty
5,B_light,99,cheapest_insertion,2.2361,0.5,1.4248,9.5247,5.7496,1.6566,3.0608,,8,2,True,-1.293142,False,False,,core_nonempty
5,B_light,99,batch_reoptimize,2.2361,0.5,1.4248,9.5247,5.7496,1.6566,3.0608,,8,2,True,-1.293142,False,False,,core_nonempty
5,B_light,123,nearest_neighbor,2.2361,0.5,1.4248,7.5375,6.1072,1.2342,2.9295,,7,2,True,-2.07065,False,False,,core_nonempty
5,B_light,123,cheapest_insertion,2.2361,0.5,1.4248,7.5375,6.1072,1.2342,2.9295,,7,2,True,-2.07065,False,False,,core_nonempty
5,B_light,123,batch_reoptimize,2.2361,0.5,1.4248,7.5375,6.1072,1.2342,2.9295,,7,2,True,-2.07065,False,False,,core_nonempty
5,B_light,256,nearest_neighbor,2.2361,0.5,1.4248,7.6101,5.1672,1.4728,2.1502,,5,1,True,-0.700123,False,False,,core_nonempty
5,B_light,256,cheapest_insertion,2.2361,0.5,1.4248,7.6101,5.1672,1.4728,2.1502,,5,1,True,-0.700123,False,False,,core_nonempty
5,B_light,256,batch_reoptimize,2.2361,0.5,1.4248,7.6101,5.1672,1.4728,2.1502,,5,1,True,-0.700123,False,False,,core_nonempty
5,C,7,nearest_neighbor,2.2361,2.0,0.3562,9.113,6.7467,1.3507,2.5319,1.3167,31,5,False,1.084136,True,True,1.1498669710029166,single_complement
5,C,7,cheapest_insertion,2.2361,2.0,0.3562,7.683,6.7467,1.1388,2.5319,1.3167,31,5,True,-0.059839,True,False,1.1498669710029166,core_nonempty
5,C,7,batch_reoptimize,2.2361,2.0,0.3562,7.683,6.7467,1.1388,2.5319,1.3167,31,5,True,-0.059839,True,False,1.1498669710029166,core_nonempty
5,C,42,nearest_neighbor,2.2361,2.0,0.3562,6.0671,5.9151,1.0257,3.0129,1.1663,31,5,True,-0.415736,True,False,1.206720465360141,core_nonempty
5,C,42,cheapest_insertion,2.2361,2.0,0.3562,6.0671,5.9151,1.0257,3.0129,1.1663,31,5,True,-0.415736,True,False,1.206720465360141,core_nonempty
5,C,42,batch_reoptimize,2.2361,2.0,0.3562,6.0671,5.9151,1.0257,3.0129,1.1663,31,5,True,-0.415736,True,False,1.206720465360141,core_nonempty
5,C,99,nearest_neighbor,2.2361,2.0,0.3562,6.1014,5.7496,1.0612,3.0608,1.2331,19,4,True,-0.494094,True,False,,core_nonempty
5,C,99,cheapest_insertion,2.2361,2.0,0.3562,6.0015,5.7496,1.0438,3.0608,1.2331,19,4,True,-0.54405,True,False,,core_nonempty
5,C,99,batch_reoptimize,2.2361,2.0,0.3562,6.0015,5.7496,1.0438,3.0608,1.2331,19,4,True,-0.54405,True,False,,core_nonempty
5,C,123,nearest_neighbor,2.2361,2.0,0.3562,7.5893,6.1072,1.2427,2.9295,1.3378,31,5,False,0.517901,True,False,1.136684227120712,balanced_complement
5,C,123,cheapest_insertion,2.2361,2.0,0.3562,6.1199,6.1072,1.0021,2.9295,1.3378,31,5,True,-0.657657,True,False,1.136684227120712,core_nonempty
5,C,123,batch_reoptimize,2.2361,2.0,0.3562,6.1199,6.1072,1.0021,2.9295,1.3378,31,5,True,-0.657657,True,False,1.136684227120712,core_nonempty
5,C,256,nearest_neighbor,2.2361,2.0,0.3562,6.0822,5.1672,1.1771,2.1502,1.1835,31,5,False,0.122785,True,False,1.147377949851403,balanced_complement
5,C,256,cheapest_insertion,2.2361,2.0,0.3562,5.1672,5.1672,1.0,2.1502,1.1835,31,5,True,-0.47419,True,False,1.147377949851403,core_nonempty
5,C,256,batch_reoptimize,2.2361,2.0,0.3562,5.1672,5.1672,1.0,2.1502,1.1835,31,5,True,-0.47419,True,False,1.147377949851403,core_nonempty
5,D,7,nearest_neighbor,2.2361,1.0,0.7124,8.1374,6.7467,1.2061,2.5319,1.3167,17,4,True,-0.373131,True,False,,core_nonempty
5,D,7,cheapest_insertion,2.2361,1.0,0.7124,7.9307,6.7467,1.1755,2.5319,1.3167,17,4,True,-0.476471,True,False,,core_nonempty
5,D,7,batch_reoptimize,2.2361,1.0,0.7124,7.9307,6.7467,1.1755,2.5319,1.3167,17,4,True,-0.476471,True,False,,core_nonempty
5,D,42,nearest_neighbor,2.2361,1.0,0.7124,7.2896,5.9151,1.2324,3.0129,1.6439,19,4,True,-1.139628,True,False,,core_nonempty
5,D,42,cheapest_insertion,2.2361,1.0,0.7124,7.2896,5.9151,1.2324,3.0129,1.6439,19,4,True,-1.139628,True,False,,core_nonempty
5,D,42,batch_reoptimize,2.2361,1.0,0.7124,7.2896,5.9151,1.2324,3.0129,1.6439,19,4,True,-1.139628,True,False,,core_nonempty
5,D,99,nearest_neighbor,2.2361,1.0,0.7124,6.3164,5.7496,1.0986,3.0608,1.2331,19,4,True,-0.38662,True,False,,core_nonempty
5,D,99,cheapest_insertion,2.2361,1.0,0.7124,6.1014,5.7496,1.0612,3.0608,1.2331,19,4,True,-0.494094,True,False,,core_nonempty
5,D,99,batch_reoptimize,2.2361,1.0,0.7124,6.1014,5.7496,1.0612,3.0608,1.2331,19,4,True,-0.494094,True,False,,core_nonempty
5,D,123,nearest_neighbor,2.2361,1.0,0.7124,7.7729,6.1072,1.2727,2.9295,,13,3,True,-0.907765,False,False,,core_nonempty
5,D,123,cheapest_insertion,2.2361,1.0,0.7124,7.5272,6.1072,1.2325,2.9295,,13,3,True,-1.030596,False,False,,core_nonempty
5,D,123,batch_reoptimize,2.2361,1.0,0.7124,7.5272,6.1072,1.2325,2.9295,,13,3,True,-1.030596,False,False,,core_nonempty
5,D,256,nearest_neighbor,2.2361,1.0,0.7124,7.7089,5.1672,1.4919,2.1502,,9,2,True,-0.40326,False,False,,core_nonempty
5,D,256,cheapest_insertion,2.2361,1.0,0.7124,7.7089,5.1672,1.4919,2.1502,,9,2,True,-0.40326,False,False,,core_nonempty
5,D,256,batch_reoptimize,2.2361,1.0,0.7124,7.7089,5.1672,1.4919,2.1502,,9,2,True,-0.40326,False,False,,core_nonempty
5,E,7,nearest_neighbor,2.2361,1.0,0.7124,8.5109,6.7467,1.2615,2.5319,1.5435,19,4,True,-0.95138,True,False,,core_nonempty
5,E,7,cheapest_insertion,2.2361,1.0,0.7124,8.2596,6.7467,1.2242,2.5319,1.5435,19,4,True,-1.077019,True,False,,core_nonempty
5,E,7,batch_reoptimize,2.2361,1.0,0.7124,8.2596,6.7467,1.2242,2.5319,1.5435,19,4,True,-1.077019,True,False,,core_nonempty
5,E,42,nearest_neighbor,2.2361,1.0,0.7124,7.3125,5.9151,1.2363,3.0129,1.6439,19,4,True,-1.131991,True,False,,core_nonempty
5,E,42,cheapest_insertion,2.2361,1.0,0.7124,7.3125,5.9151,1.2363,3.0129,1.6439,19,4,True,-1.131991,True,False,,core_nonempty
5,E,42,batch_reoptimize,2.2361,1.0,0.7124,7.3125,5.9151,1.2363,3.0129,1.6439,19,4,True,-1.131991,True,False,,core_nonempty
5,E,99,nearest_neighbor,2.2361,1.0,0.7124,6.1014,5.7496,1.0612,3.0608,,13,3,True,-1.364791,False,False,,core_nonempty
5,E,99,cheapest_insertion,2.2361,1.0,0.7124,6.1616,5.7496,1.0717,3.0608,,15,3,True,-1.344713,False,False,,core_nonempty
5,E,99,batch_reoptimize,2.2361,1.0,0.7124,6.1616,5.7496,1.0717,3.0608,,15,3,True,-1.344713,False,False,,core_nonempty
5,E,123,nearest_neighbor,2.2361,1.0,0.7124,6.3529,6.1072,1.0402,2.9295,1.3378,23,4,True,-0.908587,True,False,,core_nonempty
5,E,123,cheapest_insertion,2.2361,1.0,0.7124,6.3529,6.1072,1.0402,2.9295,1.3378,23,4,True,-0.908587,True,False,,core_nonempty
5,E,123,batch_reoptimize,2.2361,1.0,0.7124,6.3529,6.1072,1.0402,2.9295,1.3378,23,4,True,-0.908587,True,False,,core_nonempty
5,E,256,nearest_neighbor,2.2361,1.0,0.7124,5.8283,5.1672,1.1279,2.1502,,10,3,True,-0.424791,False,False,,core_nonempty
5,E,256,cheapest_insertion,2.2361,1.0,0.7124,6.0475,5.1672,1.1703,2.1502,,13,3,True,-0.315192,False,False,,core_nonempty
5,E,256,batch_reoptimize,2.2361,1.0,0.7124,6.0475,5.1672,1.1703,2.1502,,13,3,True,-0.315192,False,False,,core_nonempty
7,A,7,nearest_neighbor,2.6458,inf,0.0,9.6444,8.2041,1.1756,3.3917,1.2491,127,7,False,0.436249,True,False,1.1135284686045142,balanced_complement
7,A,7,cheapest_insertion,2.6458,inf,0.0,8.2041,8.2041,1.0,3.3917,1.2491,127,7,True,-0.79834,True,False,1.1135284686045142,core_nonempty
7,A,7,batch_reoptimize,2.6458,inf,0.0,8.2041,8.2041,1.0,3.3917,1.2491,127,7,True,-0.79834,True,False,1.1135284686045142,core_nonempty
7,A,42,nearest_neighbor,2.6458,inf,0.0,8.4905,8.2919,1.024,3.7104,1.1279,127,7,True,-0.431089,True,False,1.134200996709929,core_nonempty
7,A,42,cheapest_insertion,2.6458,inf,0.0,8.3689,8.2919,1.0093,3.7104,1.1279,127,7,True,-0.491905,True,False,1.134200996709929,core_nonempty
7,A,42,batch_reoptimize,2.6458,inf,0.0,8.2919,8.2919,1.0,3.7104,1.1279,127,7,True,-0.530417,True,False,1.134200996709929,core_nonempty
7,A,99,nearest_neighbor,2.6458,inf,0.0,8.6444,7.838,1.1029,3.8005,1.2023,127,7,True,-0.115895,True,False,1.1247064406252514,core_nonempty
7,A,99,cheapest_insertion,2.6458,inf,0.0,7.9459,7.838,1.0138,3.8005,1.2023,127,7,True,-0.697942,True,False,1.1247064406252514,core_nonempty
7,A,99,batch_reoptimize,2.6458,inf,0.0,7.838,7.838,1.0,3.8005,1.2023,127,7,True,-0.787885,True,False,1.1247064406252514,core_nonempty
7,A,123,nearest_neighbor,2.6458,inf,0.0,7.8694,7.8694,1.0,3.5295,1.2448,127,7,True,-0.578062,True,False,1.085747177475105,core_nonempty
7,A,123,cheapest_insertion,2.6458,inf,0.0,8.0599,7.8694,1.0242,3.5295,1.2448,127,7,True,-0.415041,True,False,1.085747177475105,core_nonempty
7,A,123,batch_reoptimize,2.6458,inf,0.0,7.8694,7.8694,1.0,3.5295,1.2448,127,7,True,-0.578062,True,False,1.085747177475105,core_nonempty
7,A,256,nearest_neighbor,2.6458,inf,0.0,7.7247,6.5444,1.1804,3.2983,1.1715,127,7,False,0.311385,True,True,1.1248468780807472,single_complement
7,A,256,cheapest_insertion,2.6458,inf,0.0,6.5444,6.5444,1.0,3.2983,1.1715,127,7,True,-0.561069,True,False,1.1248468780807472,core_nonempty
7,A,256,batch_reoptimize,2.6458,inf,0.0,6.5444,6.5444,1.0,3.2983,1.1715,127,7,True,-0.561069,True,False,1.1248468780807472,core_nonempty
7,B_heavy,7,nearest_neighbor,2.6458,4.0,0.1781,8.5497,8.2041,1.0421,3.3917,1.2491,127,7,True,-0.502115,True,False,1.1135284686045142,core_nonempty
7,B_heavy,7,cheapest_insertion,2.6458,4.0,0.1781,9.2814,8.2041,1.1313,3.3917,1.2491,127,7,False,0.125062,True,False,1.1135284686045142,balanced_complement
7,B_heavy,7,batch_reoptimize,2.6458,4.0,0.1781,8.5497,8.2041,1.0421,3.3917,1.2491,127,7,True,-0.502115,True,False,1.1135284686045142,core_nonempty
7,B_heavy,42,nearest_neighbor,2.6458,4.0,0.1781,9.4339,8.2919,1.1377,3.7104,1.1279,127,7,False,0.040607,True,True,1.134200996709929,single_complement
7,B_heavy,42,cheapest_insertion,2.6458,4.0,0.1781,9.3166,8.2919,1.1236,3.7104,1.1279,127,7,True,-0.018057,True,False,1.134200996709929,core_nonempty
7,B_heavy,42,batch_reoptimize,2.6458,4.0,0.1781,9.3166,8.2919,1.1236,3.7104,1.1279,127,7,True,-0.018057,True,False,1.134200996709929,core_nonempty
7,B_heavy,99,nearest_neighbor,2.6458,4.0,0.1781,9.9986,7.838,1.2757,3.8005,1.2023,127,7,False,1.014158,True,True,1.1247064406252514,single_complement
7,B_heavy,99,cheapest_insertion,2.6458,4.0,0.1781,9.0444,7.838,1.1539,3.8005,1.2023,127,7,False,0.217483,True,False,1.1247064406252514,near_complement
7,B_heavy,99,batch_reoptimize,2.6458,4.0,0.1781,8.8941,7.838,1.1347,3.8005,1.2023,127,7,False,0.092165,True,False,1.1247064406252514,near_complement
7,B_heavy,123,nearest_neighbor,2.6458,4.0,0.1781,9.4027,7.8694,1.1948,3.5295,1.2448,127,7,False,0.735916,True,False,1.085747177475105,balanced_complement
7,B_heavy,123,cheapest_insertion,2.6458,4.0,0.1781,8.442,7.8694,1.0728,3.5295,1.2448,127,7,True,-0.087523,True,False,1.085747177475105,core_nonempty
7,B_heavy,123,batch_reoptimize,2.6458,4.0,0.1781,8.442,7.8694,1.0728,3.5295,1.2448,127,7,True,-0.087523,True,False,1.085747177475105,core_nonempty
7,B_heavy,256,nearest_neighbor,2.6458,4.0,0.1781,9.3998,6.5444,1.4363,3.2983,1.1715,127,7,False,1.74718,True,True,1.1248468780807472,single_complement
7,B_heavy,256,cheapest_insertion,2.6458,4.0,0.1781,7.3601,6.5444,1.1246,3.2983,1.1715,127,7,True,-0.001153,True,False,1.1248468780807472,core_nonempty
7,B_heavy,256,batch_reoptimize,2.6458,4.0,0.1781,7.3601,6.5444,1.1246,3.2983,1.1715,127,7,True,-0.001153,True,False,1.1248468780807472,core_nonempty
7,B_medium,7,nearest_neighbor,2.6458,2.0,0.3562,8.5497,8.2041,1.0421,3.3917,1.2491,95,6,True,-0.849183,True,False,,core_nonempty
7,B_medium,7,cheapest_insertion,2.6458,2.0,0.3562,9.2814,8.2041,1.1313,3.3917,1.2491,95,6,True,-0.483329,True,False,,core_nonempty
7,B_medium,7,batch_reoptimize,2.6458,2.0,0.3562,8.5497,8.2041,1.0421,3.3917,1.2491,95,6,True,-0.849183,True,False,,core_nonempty
7,B_medium,42,nearest_neighbor,2.6458,2.0,0.3562,9.4339,8.2919,1.1377,3.7104,1.1279,127,7,False,0.040607,True,True,1.134200996709929,single_complement
7,B_medium,42,cheapest_insertion,2.6458,2.0,0.3562,9.3166,8.2919,1.1236,3.7104,1.1279,127,7,True,-0.018057,True,False,1.134200996709929,core_nonempty
7,B_medium,42,batch_reoptimize,2.6458,2.0,0.3562,9.3166,8.2919,1.1236,3.7104,1.1279,127,7,True,-0.018057,True,False,1.134200996709929,core_nonempty
7,B_medium,99,nearest_neighbor,2.6458,2.0,0.3562,9.9986,7.838,1.2757,3.8005,1.2023,127,7,False,1.014158,True,True,1.1247064406252514,single_complement
7,B_medium,99,cheapest_insertion,2.6458,2.0,0.3562,9.0444,7.838,1.1539,3.8005,1.2023,127,7,False,0.217483,True,False,1.1247064406252514,near_complement
7,B_medium,99,batch_reoptimize,2.6458,2.0,0.3562,8.8941,7.838,1.1347,3.8005,1.2023,127,7,False,0.092165,True,False,1.1247064406252514,near_complement
7,B_medium,123,nearest_neighbor,2.6458,2.0,0.3562,9.4027,7.8694,1.1948,3.5295,1.2448,95,6,True,-0.196397,True,False,,core_nonempty
7,B_medium,123,cheapest_insertion,2.6458,2.0,0.3562,8.442,7.8694,1.0728,3.5295,1.2448,95,6,True,-0.676737,True,False,,core_nonempty
7,B_medium,123,batch_reoptimize,2.6458,2.0,0.3562,8.442,7.8694,1.0728,3.5295,1.2448,95,6,True,-0.676737,True,False,,core_nonempty
7,B_medium,256,nearest_neighbor,2.6458,2.0,0.3562,9.3998,6.5444,1.4363,3.2983,,63,5,False,0.02818,False,False,,intermediate
7,B_medium,256,cheapest_insertion,2.6458,2.0,0.3562,7.3601,6.5444,1.1246,3.2983,,63,5,True,-0.991681,False,False,,core_nonempty
7,B_medium,256,batch_reoptimize,2.6458,2.0,0.3562,7.3601,6.5444,1.1246,3.2983,,63,5,True,-0.991681,False,False,,core_nonempty
7,B_light,7,nearest_neighbor,2.6458,0.5,1.4248,12.0857,8.2041,1.4731,3.3917,,13,2,True,-1.734109,False,False,,core_nonempty
7,B_light,7,cheapest_insertion,2.6458,0.5,1.4248,12.0857,8.2041,1.4731,3.3917,,13,2,True,-1.734109,False,False,,core_nonempty
7,B_light,7,batch_reoptimize,2.6458,0.5,1.4248,12.0857,8.2041,1.4731,3.3917,,13,2,True,-1.734109,False,False,,core_nonempty
7,B_light,42,nearest_neighbor,2.6458,0.5,1.4248,14.8282,8.2919,1.7883,3.7104,,19,3,True,-1.037256,False,False,,core_nonempty
7,B_light,42,cheapest_insertion,2.6458,0.5,1.4248,14.7603,8.2919,1.7801,3.7104,,19,3,True,-1.054237,False,False,,core_nonempty
7,B_light,42,batch_reoptimize,2.6458,0.5,1.4248,14.7603,8.2919,1.7801,3.7104,,19,3,True,-1.054237,False,False,,core_nonempty
7,B_light,99,nearest_neighbor,2.6458,0.5,1.4248,13.5715,7.838,1.7315,3.8005,,15,3,True,-1.542933,False,False,,core_nonempty
7,B_light,99,cheapest_insertion,2.6458,0.5,1.4248,13.5715,7.838,1.7315,3.8005,,15,3,True,-1.542933,False,False,,core_nonempty
7,B_light,99,batch_reoptimize,2.6458,0.5,1.4248,13.5715,7.838,1.7315,3.8005,,15,3,True,-1.542933,False,False,,core_nonempty
7,B_light,123,nearest_neighbor,2.6458,0.5,1.4248,11.1998,7.8694,1.4232,3.5295,,12,2,True,-1.806746,False,False,,core_nonempty
7,B_light,123,cheapest_insertion,2.6458,0.5,1.4248,11.1998,7.8694,1.4232,3.5295,,12,2,True,-1.806746,False,False,,core_nonempty
7,B_light,123,batch_reoptimize,2.6458,0.5,1.4248,11.1998,7.8694,1.4232,3.5295,,12,2,True,-1.806746,False,False,,core_nonempty
7,B_light,256,nearest_neighbor,2.6458,0.5,1.4248,10.8918,6.5444,1.6643,3.2983,,10,2,True,-1.203475,False,False,,core_nonempty
7,B_light,256,cheapest_insertion,2.6458,0.5,1.4248,10.8918,6.5444,1.6643,3.2983,,10,2,True,-1.203475,False,False,,core_nonempty
7,B_light,256,batch_reoptimize,2.6458,0.5,1.4248,10.8918,6.5444,1.6643,3.2983,,10,2,True,-1.203475,False,False,,core_nonempty
7,C,7,nearest_neighbor,2.6458,2.0,0.3562,10.0357,8.2041,1.2233,3.3917,1.2491,127,7,False,0.771604,True,False,1.1135284686045142,balanced_complement
7,C,7,cheapest_insertion,2.6458,2.0,0.3562,9.1803,8.2041,1.119,3.3917,1.2491,127,7,False,0.03845,True,False,1.1135284686045142,balanced_complement
7,C,7,batch_reoptimize,2.6458,2.0,0.3562,9.1803,8.2041,1.119,3.3917,1.2491,127,7,False,0.03845,True,False,1.1135284686045142,balanced_complement
7,C,42,nearest_neighbor,2.6458,2.0,0.3562,8.4905,8.2919,1.024,3.7104,1.1279,127,7,True,-0.431089,True,False,1.134200996709929,core_nonempty
7,C,42,cheapest_insertion,2.6458,2.0,0.3562,8.4905,8.2919,1.024,3.7104,1.1279,127,7,True,-0.431089,True,False,1.134200996709929,core_nonempty
7,C,42,batch_reoptimize,2.6458,2.0,0.3562,8.4905,8.2919,1.024,3.7104,1.1279,127,7,True,-0.431089,True,False,1.134200996709929,core_nonempty
7,C,99,nearest_neighbor,2.6458,2.0,0.3562,8.6444,7.838,1.1029,3.8005,1.2023,127,7,True,-0.115895,True,False,1.1247064406252514,core_nonempty
7,C,99,cheapest_insertion,2.6458,2.0,0.3562,7.838,7.838,1.0,3.8005,1.2023,127,7,True,-0.787885,True,False,1.1247064406252514,core_nonempty
7,C,99,batch_reoptimize,2.6458,2.0,0.3562,7.838,7.838,1.0,3.8005,1.2023,127,7,True,-0.787885,True,False,1.1247064406252514,core_nonempty
7,C,123,nearest_neighbor,2.6458,2.0,0.3562,7.8694,7.8694,1.0,3.5295,1.2448,127,7,True,-0.578062,True,False,1.085747177475105,core_nonempty
7,C,123,cheapest_insertion,2.6458,2.0,0.3562,8.0599,7.8694,1.0242,3.5295,1.2448,127,7,True,-0.415041,True,False,1.085747177475105,core_nonempty
7,C,123,batch_reoptimize,2.6458,2.0,0.3562,7.8694,7.8694,1.0,3.5295,1.2448,127,7,True,-0.578062,True,False,1.085747177475105,core_nonempty
7,C,256,nearest_neighbor,2.6458,2.0,0.3562,8.6579,6.5444,1.323,3.2983,1.1715,127,7,False,1.111256,True,True,1.1248468780807472,single_complement
7,C,256,cheapest_insertion,2.6458,2.0,0.3562,8.6945,6.5444,1.3285,3.2983,1.1715,127,7,False,1.142611,True,True,1.1248468780807472,single_complement
7,C,256,batch_reoptimize,2.6458,2.0,0.3562,8.3594,6.5444,1.2773,3.2983,1.1715,127,7,False,0.855415,True,True,1.1248468780807472,single_complement
7,D,7,nearest_neighbor,2.6458,1.0,0.7124,9.9313,8.2041,1.2105,3.3917,,41,5,True,-1.301528,False,False,,core_nonempty
7,D,7,cheapest_insertion,2.6458,1.0,0.7124,9.9313,8.2041,1.2105,3.3917,,41,5,True,-1.301528,False,False,,core_nonempty
7,D,7,batch_reoptimize,2.6458,1.0,0.7124,9.9313,8.2041,1.2105,3.3917,,41,5,True,-1.301528,False,False,,core_nonempty
7,D,42,nearest_neighbor,2.6458,1.0,0.7124,9.8154,8.2919,1.1837,3.7104,,47,5,True,-1.348426,False,False,,core_nonempty
7,D,42,cheapest_insertion,2.6458,1.0,0.7124,9.9489,8.2919,1.1998,3.7104,,47,5,True,-1.303921,False,False,,core_nonempty
7,D,42,batch_reoptimize,2.6458,1.0,0.7124,9.9489,8.2919,1.1998,3.7104,,47,5,True,-1.303921,False,False,,core_nonempty
7,D,99,nearest_neighbor,2.6458,1.0,0.7124,10.1838,7.838,1.2993,3.8005,,47,5,True,-0.588359,False,False,,core_nonempty
7,D,99,cheapest_insertion,2.6458,1.0,0.7124,8.6444,7.838,1.1029,3.8005,,47,5,True,-1.358057,False,False,,core_nonempty
7,D,99,batch_reoptimize,2.6458,1.0,0.7124,8.6444,7.838,1.1029,3.8005,,47,5,True,-1.358057,False,False,,core_nonempty
7,D,123,nearest_neighbor,2.6458,1.0,0.7124,10.1327,7.8694,1.2876,3.5295,,25,4,True,-0.997653,False,False,,core_nonempty
7,D,123,cheapest_insertion,2.6458,1.0,0.7124,8.9836,7.8694,1.1416,3.5295,,25,4,True,-1.380662,False,False,,core_nonempty
7,D,123,batch_reoptimize,2.6458,1.0,0.7124,8.9836,7.8694,1.1416,3.5295,,25,4,True,-1.380662,False,False,,core_nonempty
7,D,256,nearest_neighbor,2.6458,1.0,0.7124,9.7367,6.5444,1.4878,3.2983,,19,3,True,-0.642803,False,False,,core_nonempty
7,D,256,cheapest_insertion,2.6458,1.0,0.7124,9.7367,6.5444,1.4878,3.2983,,19,3,True,-0.642803,False,False,,core_nonempty
7,D,256,batch_reoptimize,2.6458,1.0,0.7124,9.7367,6.5444,1.4878,3.2983,,19,3,True,-0.642803,False,False,,core_nonempty
7,E,7,nearest_neighbor,2.6458,1.0,0.7124,10.0357,8.2041,1.2233,3.3917,1.619,71,6,True,-1.47192,True,False,,core_nonempty
7,E,7,cheapest_insertion,2.6458,1.0,0.7124,9.1803,8.2041,1.119,3.3917,1.619,71,6,True,-1.860853,True,False,,core_nonempty
7,E,7,batch_reoptimize,2.6458,1.0,0.7124,9.1803,8.2041,1.119,3.3917,1.619,71,6,True,-1.860853,True,False,,core_nonempty
7,E,42,nearest_neighbor,2.6458,1.0,0.7124,11.8336,8.2919,1.4271,3.7104,,63,5,True,-0.431089,False,False,,core_nonempty
7,E,42,cheapest_insertion,2.6458,1.0,0.7124,10.3823,8.2919,1.2521,3.7104,,63,5,True,-1.294327,False,False,,core_nonempty
7,E,42,batch_reoptimize,2.6458,1.0,0.7124,11.0427,8.2919,1.3318,3.7104,,63,5,True,-0.826515,False,False,,core_nonempty
7,E,99,nearest_neighbor,2.6458,1.0,0.7124,9.5211,7.838,1.2147,3.8005,,25,4,True,-1.614843,False,False,,core_nonempty
7,E,99,cheapest_insertion,2.6458,1.0,0.7124,9.8023,7.838,1.2506,3.8005,,31,4,True,-1.521111,False,False,,core_nonempty
7,E,99,batch_reoptimize,2.6458,1.0,0.7124,9.702,7.838,1.2378,3.8005,,31,4,True,-1.554543,False,False,,core_nonempty
7,E,123,nearest_neighbor,2.6458,1.0,0.7124,9.4615,7.8694,1.2023,3.5295,1.382,79,6,True,-0.704521,True,False,,core_nonempty
7,E,123,cheapest_insertion,2.6458,1.0,0.7124,9.2586,7.8694,1.1765,3.5295,1.382,79,6,True,-0.805955,True,False,,core_nonempty
7,E,123,batch_reoptimize,2.6458,1.0,0.7124,9.2941,7.8694,1.181,3.5295,1.382,95,6,True,-0.788225,True,False,,core_nonempty
7,E,256,nearest_neighbor,2.6458,1.0,0.7124,8.9596,6.5444,1.3691,3.2983,,23,4,True,-0.757396,False,False,,core_nonempty
7,E,256,cheapest_insertion,2.6458,1.0,0.7124,8.9596,6.5444,1.3691,3.2983,,23,4,True,-0.757396,False,False,,core_nonempty
7,E,256,batch_reoptimize,2.6458,1.0,0.7124,8.9596,6.5444,1.3691,3.2983,,23,4,True,-0.757396,False,False,,core_nonempty
10,A,7,nearest_neighbor,3.1623,inf,0.0,11.0955,11.0955,1.0,4.3573,1.2202,1023,10,True,-0.821078,True,False,1.0822230834517734,core_nonempty
10,A,7,cheapest_insertion,3.1623,inf,0.0,11.0955,11.0955,1.0,4.3573,1.2202,1023,10,True,-0.821078,True,False,1.0822230834517734,core_nonempty
10,A,7,batch_reoptimize,3.1623,inf,0.0,11.0955,11.0955,1.0,4.3573,1.2202,1023,10,True,-0.821078,True,False,1.0822230834517734,core_nonempty
10,A,42,nearest_neighbor,3.1623,inf,0.0,12.6247,10.5393,1.1979,4.3207,1.1324,1023,10,False,1.099281,True,True,1.0838056465225638,single_complement
10,A,42,cheapest_insertion,3.1623,inf,0.0,10.5393,10.5393,1.0,4.3207,1.1324,1023,10,True,-0.541576,True,False,1.0838056465225638,core_nonempty
10,A,42,batch_reoptimize,3.1623,inf,0.0,10.5393,10.5393,1.0,4.3207,1.1324,1023,10,True,-0.541576,True,False,1.0838056465225638,core_nonempty
10,A,99,nearest_neighbor,3.1623,inf,0.0,13.6935,11.6993,1.1705,4.6296,1.162,1023,10,False,1.085547,True,True,1.067360970664351,single_complement
10,A,99,cheapest_insertion,3.1623,inf,0.0,12.9315,11.6993,1.1053,4.6296,1.162,1023,10,False,0.399778,True,False,1.067360970664351,balanced_complement
10,A,99,batch_reoptimize,3.1623,inf,0.0,11.6993,11.6993,1.0,4.6296,1.162,1023,10,True,-0.709266,True,False,1.067360970664351,core_nonempty
10,A,123,nearest_neighbor,3.1623,inf,0.0,10.4763,9.9499,1.0529,4.5082,1.1496,1023,10,False,0.034738,True,False,1.0525006218199875,near_complement
10,A,123,cheapest_insertion,3.1623,inf,0.0,10.0339,9.9499,1.0084,4.5082,1.1496,1023,10,True,-0.35779,True,False,1.0525006218199875,core_nonempty
10,A,123,batch_reoptimize,3.1623,inf,0.0,9.9499,9.9499,1.0,4.5082,1.1496,1023,10,True,-0.431259,True,False,1.0525006218199875,core_nonempty
10,A,256,nearest_neighbor,3.1623,inf,0.0,12.0813,9.7078,1.2445,4.0803,1.1382,1023,10,False,1.695781,True,True,1.0611771361148965,single_complement
10,A,256,cheapest_insertion,3.1623,inf,0.0,9.7078,9.7078,1.0,4.0803,1.1382,1023,10,True,-0.413977,True,False,1.0611771361148965,core_nonempty
10,A,256,batch_reoptimize,3.1623,inf,0.0,9.7078,9.7078,1.0,4.0803,1.1382,1023,10,True,-0.413977,True,False,1.0611771361148965,core_nonempty
10,B_heavy,7,nearest_neighbor,3.1623,4.0,0.1781,12.8217,11.0955,1.1556,4.3573,1.2202,1023,10,False,0.732433,True,False,1.0822230834517734,balanced_complement
10,B_heavy,7,cheapest_insertion,3.1623,4.0,0.1781,13.9745,11.0955,1.2595,4.3573,1.2202,1023,10,False,1.770006,True,True,1.0822230834517734,single_complement
10,B_heavy,7,batch_reoptimize,3.1623,4.0,0.1781,12.5162,11.0955,1.128,4.3573,1.2202,1023,10,False,0.457548,True,False,1.0822230834517734,balanced_complement
10,B_heavy,42,nearest_neighbor,3.1623,4.0,0.1781,14.9925,10.5393,1.4225,4.3207,1.1324,1023,10,False,3.212949,True,True,1.0838056465225638,single_complement
10,B_heavy,42,cheapest_insertion,3.1623,4.0,0.1781,12.3873,10.5393,1.1753,4.3207,1.1324,1023,10,False,0.891537,True,True,1.0838056465225638,single_complement
10,B_heavy,42,batch_reoptimize,3.1623,4.0,0.1781,11.906,10.5393,1.1297,4.3207,1.1324,1023,10,False,0.470415,True,False,1.0838056465225638,near_complement
10,B_heavy,99,nearest_neighbor,3.1623,4.0,0.1781,16.3419,11.6993,1.3968,4.6296,1.162,1023,10,False,3.469074,True,True,1.067360970664351,single_complement
10,B_heavy,99,cheapest_insertion,3.1623,4.0,0.1781,13.8597,11.6993,1.1847,4.6296,1.162,1023,10,False,1.235108,True,True,1.067360970664351,single_complement
10,B_heavy,99,batch_reoptimize,3.1623,4.0,0.1781,13.0119,11.6993,1.1122,4.6296,1.162,1023,10,False,0.472073,True,False,1.067360970664351,balanced_complement
10,B_heavy,123,nearest_neighbor,3.1623,4.0,0.1781,11.9288,9.9499,1.1989,4.5082,1.1496,1023,10,False,1.32593,True,True,1.0525006218199875,single_complement
10,B_heavy,123,cheapest_insertion,3.1623,4.0,0.1781,10.8721,9.9499,1.0927,4.5082,1.1496,1023,10,False,0.386593,True,False,1.0525006218199875,near_complement
10,B_heavy,123,batch_reoptimize,3.1623,4.0,0.1781,10.8118,9.9499,1.0866,4.5082,1.1496,1023,10,False,0.333041,True,False,1.0525006218199875,near_complement
10,B_heavy,256,nearest_neighbor,3.1623,4.0,0.1781,10.9322,9.7078,1.1261,4.0803,1.1382,1023,10,False,0.674373,True,False,1.0611771361148965,near_complement
10,B_heavy,256,cheapest_insertion,3.1623,4.0,0.1781,11.2675,9.7078,1.1607,4.0803,1.1382,1023,10,False,0.972395,True,True,1.0611771361148965,single_complement
10,B_heavy,256,batch_reoptimize,3.1623,4.0,0.1781,10.425,9.7078,1.0739,4.0803,1.1382,1023,10,False,0.223474,True,False,1.0611771361148965,near_complement
10,B_medium,7,nearest_neighbor,3.1623,2.0,0.3562,12.8004,11.0955,1.1537,4.3573,1.396,575,9,True,-1.344522,True,False,,core_nonempty
10,B_medium,7,cheapest_insertion,3.1623,2.0,0.3562,15.1258,11.0955,1.3632,4.3573,1.396,575,9,True,-0.181836,True,False,,core_nonempty
10,B_medium,7,batch_reoptimize,3.1623,2.0,0.3562,12.6731,11.0955,1.1422,4.3573,1.396,575,9,True,-1.408209,True,False,,core_nonempty
10,B_medium,42,nearest_neighbor,3.1623,2.0,0.3562,14.9925,10.5393,1.4225,4.3207,1.1324,1023,10,False,3.212949,True,True,1.0838056465225638,single_complement
10,B_medium,42,cheapest_insertion,3.1623,2.0,0.3562,12.3873,10.5393,1.1753,4.3207,1.1324,1023,10,False,0.891537,True,True,1.0838056465225638,single_complement
10,B_medium,42,batch_reoptimize,3.1623,2.0,0.3562,11.906,10.5393,1.1297,4.3207,1.1324,1023,10,False,0.470415,True,False,1.0838056465225638,near_complement
10,B_medium,99,nearest_neighbor,3.1623,2.0,0.3562,16.3419,11.6993,1.3968,4.6296,,511,8,True,-0.322654,False,False,,core_nonempty
10,B_medium,99,cheapest_insertion,3.1623,2.0,0.3562,13.3697,11.6993,1.1428,4.6296,1.4208,639,9,True,-1.423349,True,False,,core_nonempty
10,B_medium,99,batch_reoptimize,3.1623,2.0,0.3562,13.0119,11.6993,1.1122,4.6296,1.4208,639,9,True,-1.602288,True,False,,core_nonempty
10,B_medium,123,nearest_neighbor,3.1623,2.0,0.3562,14.1602,9.9499,1.4231,4.5082,,383,8,False,0.192491,False,False,,intermediate
10,B_medium,123,cheapest_insertion,3.1623,2.0,0.3562,10.8721,9.9499,1.0927,4.5082,,383,8,True,-1.45154,False,False,,core_nonempty
10,B_medium,123,batch_reoptimize,3.1623,2.0,0.3562,10.8118,9.9499,1.0866,4.5082,,383,8,True,-1.481663,False,False,,core_nonempty
10,B_medium,256,nearest_neighbor,3.1623,2.0,0.3562,13.1808,9.7078,1.3578,4.0803,,319,8,False,0.217358,False,False,,intermediate
10,B_medium,256,cheapest_insertion,3.1623,2.0,0.3562,11.2675,9.7078,1.1607,4.0803,,415,8,True,-1.111071,False,False,,core_nonempty
10,B_medium,256,batch_reoptimize,3.1623,2.0,0.3562,10.8468,9.7078,1.1173,4.0803,,319,8,True,-0.949673,False,False,,core_nonempty
10,B_light,7,nearest_neighbor,3.1623,0.5,1.4248,21.3589,11.0955,1.925,4.3573,,33,4,True,-1.61803,False,False,,core_nonempty
10,B_light,7,cheapest_insertion,3.1623,0.5,1.4248,19.9194,11.0955,1.7953,4.3573,,37,4,True,-2.453542,False,False,,core_nonempty
10,B_light,7,batch_reoptimize,3.1623,0.5,1.4248,19.9194,11.0955,1.7953,4.3573,,37,4,True,-2.453542,False,False,,core_nonempty
10,B_light,42,nearest_neighbor,3.1623,0.5,1.4248,20.4836,10.5393,1.9435,4.3207,,47,4,True,-1.629894,False,False,,core_nonempty
10,B_light,42,cheapest_insertion,3.1623,0.5,1.4248,18.5206,10.5393,1.7573,4.3207,,59,5,True,-1.957067,False,False,,core_nonempty
10,B_light,42,batch_reoptimize,3.1623,0.5,1.4248,18.5206,10.5393,1.7573,4.3207,,59,5,True,-1.957067,False,False,,core_nonempty
10,B_light,99,nearest_neighbor,3.1623,0.5,1.4248,19.7364,11.6993,1.687,4.6296,,31,3,True,-2.353909,False,False,,core_nonempty
10,B_light,99,cheapest_insertion,3.1623,0.5,1.4248,20.9843,11.6993,1.7936,4.6296,,39,4,True,-2.533111,False,False,,core_nonempty
10,B_light,99,batch_reoptimize,3.1623,0.5,1.4248,20.9843,11.6993,1.7936,4.6296,,39,4,True,-2.533111,False,False,,core_nonempty
10,B_light,123,nearest_neighbor,3.1623,0.5,1.4248,17.9314,9.9499,1.8022,4.5082,,23,3,True,-1.964299,False,False,,core_nonempty
10,B_light,123,cheapest_insertion,3.1623,0.5,1.4248,17.2902,9.9499,1.7377,4.5082,,25,3,True,-1.967787,False,False,,core_nonempty
10,B_light,123,batch_reoptimize,3.1623,0.5,1.4248,17.2902,9.9499,1.7377,4.5082,,25,3,True,-1.967787,False,False,,core_nonempty
10,B_light,256,nearest_neighbor,3.1623,0.5,1.4248,16.2006,9.7078,1.6688,4.0803,,19,2,True,-1.782607,False,False,,core_nonempty
10,B_light,256,cheapest_insertion,3.1623,0.5,1.4248,16.2006,9.7078,1.6688,4.0803,,19,2,True,-1.782607,False,False,,core_nonempty
10,B_light,256,batch_reoptimize,3.1623,0.5,1.4248,16.2006,9.7078,1.6688,4.0803,,19,2,True,-1.782607,False,False,,core_nonempty
10,C,7,nearest_neighbor,3.1623,2.0,0.3562,11.0955,11.0955,1.0,4.3573,1.2202,1023,10,True,-0.821078,True,False,1.0822230834517734,core_nonempty
10,C,7,cheapest_insertion,3.1623,2.0,0.3562,11.0955,11.0955,1.0,4.3573,1.2202,1023,10,True,-0.821078,True,False,1.0822230834517734,core_nonempty
10,C,7,batch_reoptimize,3.1623,2.0,0.3562,11.0955,11.0955,1.0,4.3573,1.2202,1023,10,True,-0.821078,True,False,1.0822230834517734,core_nonempty
10,C,42,nearest_neighbor,3.1623,2.0,0.3562,13.1906,10.5393,1.2516,4.3207,1.1324,1023,10,False,1.594437,True,True,1.0838056465225638,single_complement
10,C,42,cheapest_insertion,3.1623,2.0,0.3562,10.5393,10.5393,1.0,4.3207,1.1324,1023,10,True,-0.541576,True,False,1.0838056465225638,core_nonempty
10,C,42,batch_reoptimize,3.1623,2.0,0.3562,10.5393,10.5393,1.0,4.3207,1.1324,1023,10,True,-0.541576,True,False,1.0838056465225638,core_nonempty
10,C,99,nearest_neighbor,3.1623,2.0,0.3562,13.6935,11.6993,1.1705,4.6296,1.162,1023,10,False,1.085547,True,True,1.067360970664351,single_complement
10,C,99,cheapest_insertion,3.1623,2.0,0.3562,11.6993,11.6993,1.0,4.6296,1.162,1023,10,True,-0.709266,True,False,1.067360970664351,core_nonempty
10,C,99,batch_reoptimize,3.1623,2.0,0.3562,11.6993,11.6993,1.0,4.6296,1.162,1023,10,True,-0.709266,True,False,1.067360970664351,core_nonempty
10,C,123,nearest_neighbor,3.1623,2.0,0.3562,11.1819,9.9499,1.1238,4.5082,1.1496,1023,10,False,0.661935,True,False,1.0525006218199875,near_complement
10,C,123,cheapest_insertion,3.1623,2.0,0.3562,10.0339,9.9499,1.0084,4.5082,1.1496,1023,10,True,-0.35779,True,False,1.0525006218199875,core_nonempty
10,C,123,batch_reoptimize,3.1623,2.0,0.3562,9.9499,9.9499,1.0,4.5082,1.1496,1023,10,True,-0.431259,True,False,1.0525006218199875,core_nonempty
10,C,256,nearest_neighbor,3.1623,2.0,0.3562,13.5173,9.7078,1.3924,4.0803,1.1382,1023,10,False,2.972212,True,True,1.0611771361148965,single_complement
10,C,256,cheapest_insertion,3.1623,2.0,0.3562,11.439,9.7078,1.1783,4.0803,1.1382,1023,10,False,1.124885,True,True,1.0611771361148965,single_complement
10,C,256,batch_reoptimize,3.1623,2.0,0.3562,11.439,9.7078,1.1783,4.0803,1.1382,1023,10,False,1.124885,True,True,1.0611771361148965,single_complement
10,D,7,nearest_neighbor,3.1623,1.0,0.7124,14.4687,11.0955,1.304,4.3573,,143,6,True,-1.556913,False,False,,core_nonempty
10,D,7,cheapest_insertion,3.1623,1.0,0.7124,14.5894,11.0955,1.3149,4.3573,,143,6,True,-1.516655,False,False,,core_nonempty
10,D,7,batch_reoptimize,3.1623,1.0,0.7124,13.5958,11.0955,1.2253,4.3573,,191,7,True,-1.172595,False,False,,core_nonempty
10,D,42,nearest_neighbor,3.1623,1.0,0.7124,13.6321,10.5393,1.2934,4.3207,,183,7,True,-1.822512,False,False,,core_nonempty
10,D,42,cheapest_insertion,3.1623,1.0,0.7124,13.2777,10.5393,1.2598,4.3207,,183,7,True,-1.893397,False,False,,core_nonempty
10,D,42,batch_reoptimize,3.1623,1.0,0.7124,13.2777,10.5393,1.2598,4.3207,,183,7,True,-1.893397,False,False,,core_nonempty
10,D,99,nearest_neighbor,3.1623,1.0,0.7124,15.1246,11.6993,1.2928,4.6296,,191,7,True,-0.608003,False,False,,core_nonempty
10,D,99,cheapest_insertion,3.1623,1.0,0.7124,14.2151,11.6993,1.215,4.6296,,223,7,True,-2.357377,False,False,,core_nonempty
10,D,99,batch_reoptimize,3.1623,1.0,0.7124,14.2151,11.6993,1.215,4.6296,,223,7,True,-2.357377,False,False,,core_nonempty
10,D,123,nearest_neighbor,3.1623,1.0,0.7124,12.3272,9.9499,1.2389,4.5082,,53,4,True,-2.096643,False,False,,core_nonempty
10,D,123,cheapest_insertion,3.1623,1.0,0.7124,11.2879,9.9499,1.1345,4.5082,,53,4,True,-2.304506,False,False,,core_nonempty
10,D,123,batch_reoptimize,3.1623,1.0,0.7124,11.2879,9.9499,1.1345,4.5082,,53,4,True,-2.304506,False,False,,core_nonempty
10,D,256,nearest_neighbor,3.1623,1.0,0.7124,14.0487,9.7078,1.4471,4.0803,,89,6,True,-0.490749,False,False,,core_nonempty
10,D,256,cheapest_insertion,3.1623,1.0,0.7124,12.2866,9.7078,1.2656,4.0803,,105,6,True,-1.426726,False,False,,core_nonempty
10,D,256,batch_reoptimize,3.1623,1.0,0.7124,12.0566,9.7078,1.2419,4.0803,,105,6,True,-1.472729,False,False,,core_nonempty
10,E,7,nearest_neighbor,3.1623,1.0,0.7124,16.223,11.0955,1.4621,4.3573,,273,8,True,-1.000281,False,False,,core_nonempty
10,E,7,cheapest_insertion,3.1623,1.0,0.7124,14.7509,11.0955,1.3294,4.3573,,273,8,True,-1.736326,False,False,,core_nonempty
10,E,7,batch_reoptimize,3.1623,1.0,0.7124,14.7509,11.0955,1.3294,4.3573,,273,8,True,-1.736326,False,False,,core_nonempty
10,E,42,nearest_neighbor,3.1623,1.0,0.7124,15.7601,10.5393,1.4954,4.3207,,319,8,False,0.062385,False,False,,intermediate
10,E,42,cheapest_insertion,3.1623,1.0,0.7124,13.8815,10.5393,1.3171,4.3207,,319,8,True,-0.876922,False,False,,core_nonempty
10,E,42,batch_reoptimize,3.1623,1.0,0.7124,13.8815,10.5393,1.3171,4.3207,,319,8,True,-0.876922,False,False,,core_nonempty
10,E,99,nearest_neighbor,3.1623,1.0,0.7124,16.3792,11.6993,1.4,4.6296,,207,7,True,-0.472948,False,False,,core_nonempty
10,E,99,cheapest_insertion,3.1623,1.0,0.7124,13.9879,11.6993,1.1956,4.6296,,239,7,True,-2.325415,False,False,,core_nonempty
10,E,99,batch_reoptimize,3.1623,1.0,0.7124,13.3535,11.6993,1.1414,4.6296,,207,7,True,-1.955542,False,False,,core_nonempty
10,E,123,nearest_neighbor,3.1623,1.0,0.7124,11.7303,9.9499,1.1789,4.5082,,351,8,True,-1.787952,False,False,,core_nonempty
10,E,123,cheapest_insertion,3.1623,1.0,0.7124,12.6444,9.9499,1.2708,4.5082,,383,8,True,-1.625586,False,False,,core_nonempty
10,E,123,batch_reoptimize,3.1623,1.0,0.7124,12.6444,9.9499,1.2708,4.5082,,383,8,True,-1.625586,False,False,,core_nonempty
10,E,256,nearest_neighbor,3.1623,1.0,0.7124,11.5322,9.7078,1.1879,4.0803,,55,4,True,-1.750183,False,False,,core_nonempty
10,E,256,cheapest_insertion,3.1623,1.0,0.7124,11.0392,9.7078,1.1371,4.0803,,67,5,True,-1.848784,False,False,,core_nonempty
10,E,256,batch_reoptimize,3.1623,1.0,0.7124,11.0392,9.7078,1.1371,4.0803,,67,5,True,-1.848784,False,False,,core_nonempty
12,A,7,nearest_neighbor,3.4641,inf,0.0,12.8168,12.8168,1.0,5.0613,1.2088,4095,12,True,-0.715727,True,False,1.0623424009032414,core_nonempty
12,A,7,cheapest_insertion,3.4641,inf,0.0,13.48,12.8168,1.0517,5.0613,1.2088,4095,12,True,-0.112883,True,False,1.0623424009032414,core_nonempty
12,A,7,batch_reoptimize,3.4641,inf,0.0,12.8168,12.8168,1.0,5.0613,1.2088,4095,12,True,-0.715727,True,False,1.0623424009032414,core_nonempty
12,A,42,nearest_neighbor,3.4641,inf,0.0,12.3748,11.8015,1.0486,4.8704,1.1295,4095,12,True,-0.204666,True,False,1.0736189481672254,core_nonempty
12,A,42,cheapest_insertion,3.4641,inf,0.0,12.1087,11.8015,1.026,4.8704,1.1295,4095,12,True,-0.390775,True,False,1.0736189481672254,core_nonempty
12,A,42,batch_reoptimize,3.4641,inf,0.0,11.8015,11.8015,1.0,4.8704,1.1295,4095,12,True,-0.595589,True,False,1.0736189481672254,core_nonempty
12,A,99,nearest_neighbor,3.4641,inf,0.0,17.0519,13.3839,1.2741,5.189,1.1551,4095,12,False,2.673911,True,True,1.0568653750621495,single_complement
12,A,99,cheapest_insertion,3.4641,inf,0.0,14.7395,13.3839,1.1013,5.189,1.1551,4095,12,False,0.59274,True,False,1.0568653750621495,near_complement
12,A,99,batch_reoptimize,3.4641,inf,0.0,13.3839,13.3839,1.0,5.189,1.1551,4095,12,True,-0.627349,True,False,1.0568653750621495,core_nonempty
12,A,123,nearest_neighbor,3.4641,inf,0.0,12.3043,11.5477,1.0655,5.4599,1.1412,4095,12,False,0.235464,True,False,1.0432762191543392,balanced_complement
12,A,123,cheapest_insertion,3.4641,inf,0.0,11.6674,11.5477,1.0104,5.4599,1.1412,4095,12,True,-0.344694,True,False,1.0432762191543392,core_nonempty
12,A,123,batch_reoptimize,3.4641,inf,0.0,11.5477,11.5477,1.0,5.4599,1.1412,4095,12,True,-0.452443,True,False,1.0432762191543392,core_nonempty
12,A,256,nearest_neighbor,3.4641,inf,0.0,16.3616,12.3423,1.3257,4.6965,1.119,4095,12,False,3.207179,True,True,1.0471642833604191,single_complement
12,A,256,cheapest_insertion,3.4641,inf,0.0,12.3423,12.3423,1.0,4.6965,1.119,4095,12,True,-0.446763,True,False,1.0471642833604191,core_nonempty
12,A,256,batch_reoptimize,3.4641,inf,0.0,12.3423,12.3423,1.0,4.6965,1.119,4095,12,True,-0.446763,True,False,1.0471642833604191,core_nonempty
12,B_heavy,7,nearest_neighbor,3.4641,4.0,0.1781,17.2454,12.8168,1.3455,5.0613,1.2088,4095,12,False,3.32709,True,True,1.0623424009032414,single_complement
12,B_heavy,7,cheapest_insertion,3.4641,4.0,0.1781,15.8666,12.8168,1.2379,5.0613,1.2088,4095,12,False,2.063173,True,True,1.0623424009032414,single_complement
12,B_heavy,7,batch_reoptimize,3.4641,4.0,0.1781,14.1629,12.8168,1.105,5.0613,1.2088,4095,12,False,0.507936,True,False,1.0623424009032414,near_complement
12,B_heavy,42,nearest_neighbor,3.4641,4.0,0.1781,14.8001,11.8015,1.2541,4.8704,1.1295,4095,12,False,1.978069,True,True,1.0736189481672254,single_complement
12,B_heavy,42,cheapest_insertion,3.4641,4.0,0.1781,14.4368,11.8015,1.2233,4.8704,1.1295,4095,12,False,1.651116,True,True,1.0736189481672254,single_complement
12,B_heavy,42,batch_reoptimize,3.4641,4.0,0.1781,13.5947,11.8015,1.1519,4.8704,1.1295,4095,12,False,0.893277,True,True,1.0736189481672254,single_complement
12,B_heavy,99,nearest_neighbor,3.4641,4.0,0.1781,18.6701,13.3839,1.395,5.189,1.1551,4095,12,False,4.148022,True,True,1.0568653750621495,single_complement
12,B_heavy,99,cheapest_insertion,3.4641,4.0,0.1781,15.3059,13.3839,1.1436,5.189,1.1551,4095,12,False,1.102472,True,False,1.0568653750621495,near_complement
12,B_heavy,99,batch_reoptimize,3.4641,4.0,0.1781,14.3772,13.3839,1.0742,5.189,1.1551,4095,12,False,0.266609,True,False,1.0568653750621495,near_complement
12,B_heavy,123,nearest_neighbor,3.4641,4.0,0.1781,13.8955,11.5477,1.2033,5.4599,1.1412,4095,12,False,1.694095,True,True,1.0432762191543392,single_complement
12,B_heavy,123,cheapest_insertion,3.4641,4.0,0.1781,12.4105,11.5477,1.0747,5.4599,1.1412,4095,12,False,0.332767,True,False,1.0432762191543392,balanced_complement
12,B_heavy,123,batch_reoptimize,3.4641,4.0,0.1781,12.4105,11.5477,1.0747,5.4599,1.1412,4095,12,False,0.332767,True,False,1.0432762191543392,balanced_complement
12,B_heavy,256,nearest_neighbor,3.4641,4.0,0.1781,13.9096,12.3423,1.127,4.6965,1.119,4095,12,False,0.978046,True,True,1.0471642833604191,single_complement
12,B_heavy,256,cheapest_insertion,3.4641,4.0,0.1781,14.1375,12.3423,1.1455,4.6965,1.119,4095,12,False,1.185265,True,True,1.0471642833604191,single_complement
12,B_heavy,256,batch_reoptimize,3.4641,4.0,0.1781,13.1279,12.3423,1.0636,4.6965,1.119,4095,12,False,0.267399,True,False,1.0471642833604191,near_complement
12,B_medium,7,nearest_neighbor,3.4641,2.0,0.3562,17.2454,12.8168,1.3455,5.0613,,1663,10,True,-0.347581,False,False,,core_nonempty
12,B_medium,7,cheapest_insertion,3.4641,2.0,0.3562,15.8666,12.8168,1.2379,5.0613,,1663,10,True,-1.036991,False,False,,core_nonempty
12,B_medium,7,batch_reoptimize,3.4641,2.0,0.3562,14.5556,12.8168,1.1357,5.0613,,1663,10,True,-1.69251,False,False,,core_nonempty
12,B_medium,42,nearest_neighbor,3.4641,2.0,0.3562,14.8001,11.8015,1.2541,4.8704,1.5853,2559,11,True,-0.773342,True,False,,core_nonempty
12,B_medium,42,cheapest_insertion,3.4641,2.0,0.3562,14.4368,11.8015,1.2233,4.8704,1.5853,2559,11,True,-0.954983,True,False,,core_nonempty
12,B_medium,42,batch_reoptimize,3.4641,2.0,0.3562,13.5947,11.8015,1.1519,4.8704,1.5853,2559,11,True,-1.376005,True,False,,core_nonempty
12,B_medium,99,nearest_neighbor,3.4641,2.0,0.3562,18.6701,13.3839,1.395,5.189,,1535,10,False,0.743518,False,False,,intermediate
12,B_medium,99,cheapest_insertion,3.4641,2.0,0.3562,15.3059,13.3839,1.1436,5.189,,1535,10,True,-0.938568,False,False,,core_nonempty
12,B_medium,99,batch_reoptimize,3.4641,2.0,0.3562,14.3772,13.3839,1.0742,5.189,,1791,10,True,-1.402936,False,False,,core_nonempty
12,B_medium,123,nearest_neighbor,3.4641,2.0,0.3562,17.1712,11.5477,1.487,5.4599,,1279,10,False,0.766892,False,False,,intermediate
12,B_medium,123,cheapest_insertion,3.4641,2.0,0.3562,13.4584,11.5477,1.1655,5.4599,,1279,10,True,-1.089535,False,False,,core_nonempty
12,B_medium,123,batch_reoptimize,3.4641,2.0,0.3562,12.5948,11.5477,1.0907,5.4599,,1279,10,True,-1.521322,False,False,,core_nonempty
12,B_medium,256,nearest_neighbor,3.4641,2.0,0.3562,17.5661,12.3423,1.4232,4.6965,,1119,10,False,0.941095,False,False,,intermediate
12,B_medium,256,cheapest_insertion,3.4641,2.0,0.3562,15.1797,12.3423,1.2299,4.6965,,1311,10,True,-0.863331,False,False,,core_nonempty
12,B_medium,256,batch_reoptimize,3.4641,2.0,0.3562,14.0113,12.3423,1.1352,4.6965,,1119,10,True,-0.836323,False,False,,core_nonempty
12,B_light,7,nearest_neighbor,3.4641,0.5,1.4248,24.2884,12.8168,1.895,5.0613,,51,4,True,-2.069391,False,False,,core_nonempty
12,B_light,7,cheapest_insertion,3.4641,0.5,1.4248,25.1192,12.8168,1.9599,5.0613,,67,5,True,-2.503835,False,False,,core_nonempty
12,B_light,7,batch_reoptimize,3.4641,0.5,1.4248,25.045,12.8168,1.9541,5.0613,,67,5,True,-2.518678,False,False,,core_nonempty
12,B_light,42,nearest_neighbor,3.4641,0.5,1.4248,19.1286,11.8015,1.6209,4.8704,,75,5,True,-2.395223,False,False,,core_nonempty
12,B_light,42,cheapest_insertion,3.4641,0.5,1.4248,19.1286,11.8015,1.6209,4.8704,,75,5,True,-2.395223,False,False,,core_nonempty
12,B_light,42,batch_reoptimize,3.4641,0.5,1.4248,19.1286,11.8015,1.6209,4.8704,,75,5,True,-2.395223,False,False,,core_nonempty
12,B_light,99,nearest_neighbor,3.4641,0.5,1.4248,20.7235,13.3839,1.5484,5.189,,45,4,True,-2.335033,False,False,,core_nonempty
12,B_light,99,cheapest_insertion,3.4641,0.5,1.4248,20.7235,13.3839,1.5484,5.189,,45,4,True,-2.335033,False,False,,core_nonempty
12,B_light,99,batch_reoptimize,3.4641,0.5,1.4248,20.7235,13.3839,1.5484,5.189,,45,4,True,-2.335033,False,False,,core_nonempty
12,B_light,123,nearest_neighbor,3.4641,0.5,1.4248,21.4914,11.5477,1.8611,5.4599,,39,3,True,-1.977282,False,False,,core_nonempty
12,B_light,123,cheapest_insertion,3.4641,0.5,1.4248,20.0425,11.5477,1.7356,5.4599,,43,4,True,-2.654946,False,False,,core_nonempty
12,B_light,123,batch_reoptimize,3.4641,0.5,1.4248,20.0425,11.5477,1.7356,5.4599,,43,4,True,-2.654946,False,False,,core_nonempty
12,B_light,256,nearest_neighbor,3.4641,0.5,1.4248,22.3869,12.3423,1.8138,4.6965,,31,3,True,-1.800728,False,False,,core_nonempty
12,B_light,256,cheapest_insertion,3.4641,0.5,1.4248,21.6401,12.3423,1.7533,4.6965,,31,3,True,-1.907419,False,False,,core_nonempty
12,B_light,256,batch_reoptimize,3.4641,0.5,1.4248,21.6401,12.3423,1.7533,4.6965,,31,3,True,-1.907419,False,False,,core_nonempty
12,C,7,nearest_neighbor,3.4641,2.0,0.3562,12.8168,12.8168,1.0,5.0613,1.2088,4095,12,True,-0.715727,True,False,1.0623424009032414,core_nonempty
12,C,7,cheapest_insertion,3.4641,2.0,0.3562,13.3518,12.8168,1.0417,5.0613,1.2088,4095,12,True,-0.229382,True,False,1.0623424009032414,core_nonempty
12,C,7,batch_reoptimize,3.4641,2.0,0.3562,12.8168,12.8168,1.0,5.0613,1.2088,4095,12,True,-0.715727,True,False,1.0623424009032414,core_nonempty
12,C,42,nearest_neighbor,3.4641,2.0,0.3562,16.9311,11.8015,1.4347,4.8704,1.1295,4095,12,False,3.905738,True,True,1.0736189481672254,single_complement
12,C,42,cheapest_insertion,3.4641,2.0,0.3562,14.3854,11.8015,1.2189,4.8704,1.1295,4095,12,False,1.604892,True,True,1.0736189481672254,single_complement
12,C,42,batch_reoptimize,3.4641,2.0,0.3562,14.1267,11.8015,1.197,4.8704,1.1295,4095,12,False,1.372026,True,True,1.0736189481672254,single_complement
12,C,99,nearest_neighbor,3.4641,2.0,0.3562,17.0519,13.3839,1.2741,5.189,1.1551,4095,12,False,2.673911,True,True,1.0568653750621495,single_complement
12,C,99,cheapest_insertion,3.4641,2.0,0.3562,13.3839,13.3839,1.0,5.189,1.1551,4095,12,True,-0.627349,True,False,1.0568653750621495,core_nonempty
12,C,99,batch_reoptimize,3.4641,2.0,0.3562,13.3839,13.3839,1.0,5.189,1.1551,4095,12,True,-0.627349,True,False,1.0568653750621495,core_nonempty
12,C,123,nearest_neighbor,3.4641,2.0,0.3562,13.0772,11.5477,1.1325,5.4599,1.1412,4095,12,False,0.943995,True,False,1.0432762191543392,balanced_complement
12,C,123,cheapest_insertion,3.4641,2.0,0.3562,11.6674,11.5477,1.0104,5.4599,1.1412,4095,12,True,-0.344694,True,False,1.0432762191543392,core_nonempty
12,C,123,batch_reoptimize,3.4641,2.0,0.3562,11.5477,11.5477,1.0,5.4599,1.1412,4095,12,True,-0.452443,True,False,1.0432762191543392,core_nonempty
12,C,256,nearest_neighbor,3.4641,2.0,0.3562,17.5431,12.3423,1.4214,4.6965,1.119,4095,12,False,4.281264,True,True,1.0471642833604191,single_complement
12,C,256,cheapest_insertion,3.4641,2.0,0.3562,14.4204,12.3423,1.1684,4.6965,1.119,4095,12,False,1.442455,True,True,1.0471642833604191,single_complement
12,C,256,batch_reoptimize,3.4641,2.0,0.3562,14.1919,12.3423,1.1499,4.6965,1.119,4095,12,False,1.234714,True,True,1.0471642833604191,single_complement
12,D,7,nearest_neighbor,3.4641,1.0,0.7124,16.9766,12.8168,1.3245,5.0613,,255,7,True,-1.650613,False,False,,core_nonempty
12,D,7,cheapest_insertion,3.4641,1.0,0.7124,16.0907,12.8168,1.2554,5.0613,,463,8,True,-2.278551,False,False,,core_nonempty
12,D,7,batch_reoptimize,3.4641,1.0,0.7124,15.5557,12.8168,1.2137,5.0613,,463,8,True,-2.456878,False,False,,core_nonempty
12,D,42,nearest_neighbor,3.4641,1.0,0.7124,17.2893,11.8015,1.465,4.8704,,255,7,True,-1.909917,False,False,,core_nonempty
12,D,42,cheapest_insertion,3.4641,1.0,0.7124,14.5818,11.8015,1.2356,4.8704,,255,7,True,-2.173541,False,False,,core_nonempty
12,D,42,batch_reoptimize,3.4641,1.0,0.7124,14.5818,11.8015,1.2356,4.8704,,255,7,True,-2.173541,False,False,,core_nonempty
12,D,99,nearest_neighbor,3.4641,1.0,0.7124,18.6196,13.3839,1.3912,5.189,,479,8,True,-1.167508,False,False,,core_nonempty
12,D,99,cheapest_insertion,3.4641,1.0,0.7124,17.0308,13.3839,1.2725,5.189,,799,9,True,-1.730262,False,False,,core_nonempty
12,D,99,batch_reoptimize,3.4641,1.0,0.7124,16.8096,13.3839,1.256,5.189,,799,9,True,-1.840858,False,False,,core_nonempty
12,D,123,nearest_neighbor,3.4641,1.0,0.7124,14.6609,11.5477,1.2696,5.4599,,111,5,True,-2.437382,False,False,,core_nonempty
12,D,123,cheapest_insertion,3.4641,1.0,0.7124,14.2603,11.5477,1.2349,5.4599,,191,7,True,-2.486264,False,False,,core_nonempty
12,D,123,batch_reoptimize,3.4641,1.0,0.7124,14.2603,11.5477,1.2349,5.4599,,191,7,True,-2.486264,False,False,,core_nonempty
12,D,256,nearest_neighbor,3.4641,1.0,0.7124,17.9673,12.3423,1.4557,4.6965,,137,6,True,-1.561182,False,False,,core_nonempty
12,D,256,cheapest_insertion,3.4641,1.0,0.7124,14.7617,12.3423,1.196,4.6965,,137,6,True,-2.034004,False,False,,core_nonempty
12,D,256,batch_reoptimize,3.4641,1.0,0.7124,14.6078,12.3423,1.1836,4.6965,,137,6,True,-2.06479,False,False,,core_nonempty
12,E,7,nearest_neighbor,3.4641,1.0,0.7124,19.7477,12.8168,1.5408,5.0613,,803,9,True,-2.141618,False,False,,core_nonempty
12,E,7,cheapest_insertion,3.4641,1.0,0.7124,17.5591,12.8168,1.37,5.0613,,803,9,True,-2.822414,False,False,,core_nonempty
12,E,7,batch_reoptimize,3.4641,1.0,0.7124,17.5591,12.8168,1.37,5.0613,,803,9,True,-2.822414,False,False,,core_nonempty
12,E,42,nearest_neighbor,3.4641,1.0,0.7124,19.0041,11.8015,1.6103,4.8704,,703,9,False,0.288678,False,False,,intermediate
12,E,42,cheapest_insertion,3.4641,1.0,0.7124,16.7536,11.8015,1.4196,4.8704,,1151,10,True,-0.836579,False,False,,core_nonempty
12,E,42,batch_reoptimize,3.4641,1.0,0.7124,16.7536,11.8015,1.4196,4.8704,,1151,10,True,-0.836579,False,False,,core_nonempty
12,E,99,nearest_neighbor,3.4641,1.0,0.7124,19.1097,13.3839,1.4278,5.189,,319,7,True,-1.898157,False,False,,core_nonempty
12,E,99,cheapest_insertion,3.4641,1.0,0.7124,16.4762,13.3839,1.2311,5.189,,351,7,True,-2.6296,False,False,,core_nonempty
12,E,99,batch_reoptimize,3.4641,1.0,0.7124,16.3517,13.3839,1.2217,5.189,,319,7,True,-2.632098,False,False,,core_nonempty
12,E,123,nearest_neighbor,3.4641,1.0,0.7124,18.1019,11.5477,1.5676,5.4599,,767,9,True,-0.810749,False,False,,core_nonempty
12,E,123,cheapest_insertion,3.4641,1.0,0.7124,14.2652,11.5477,1.2353,5.4599,,767,9,True,-1.09495,False,False,,core_nonempty
12,E,123,batch_reoptimize,3.4641,1.0,0.7124,15.7164,11.5477,1.361,5.4599,,767,9,True,-2.074109,False,False,,core_nonempty
12,E,256,nearest_neighbor,3.4641,1.0,0.7124,15.2185,12.3423,1.233,4.6965,,103,6,True,-2.1562,False,False,,core_nonempty
12,E,256,cheapest_insertion,3.4641,1.0,0.7124,15.1333,12.3423,1.2261,4.6965,,103,6,True,-2.397658,False,False,,core_nonempty
12,E,256,batch_reoptimize,3.4641,1.0,0.7124,15.1333,12.3423,1.2261,4.6965,,103,6,True,-2.397658,False,False,,core_nonempty
15,A,7,nearest_neighbor,3.873,inf,0.0,20.0235,15.43,1.2977,6.0307,1.1939,32767,15,False,3.650261,True,True,1.0456868439999574,single_complement
15,A,7,cheapest_insertion,3.873,inf,0.0,15.8993,15.43,1.0304,6.0307,1.1939,32767,15,True,-0.166111,True,False,1.0456868439999574,core_nonempty
15,A,7,batch_reoptimize,3.873,inf,0.0,15.43,15.43,1.0,6.0307,1.1939,32767,15,True,-0.599343,True,False,1.0456868439999574,core_nonempty
15,A,42,nearest_neighbor,3.873,inf,0.0,14.7579,14.0883,1.0475,5.6906,1.1213,32767,15,False,0.02455,True,False,1.0510222890608667,near_complement
15,A,42,cheapest_insertion,3.873,inf,0.0,14.0883,14.0883,1.0,5.6906,1.1213,32767,15,True,-0.570705,True,False,1.0510222890608667,core_nonempty
15,A,42,batch_reoptimize,3.873,inf,0.0,14.0883,14.0883,1.0,5.6906,1.1213,32767,15,True,-0.570705,True,False,1.0510222890608667,core_nonempty
15,A,99,nearest_neighbor,3.873,inf,0.0,16.1215,15.3437,1.0507,6.0358,1.1513,32767,15,False,0.14939,True,False,1.0427525170314558,near_complement
15,A,99,cheapest_insertion,3.873,inf,0.0,17.9321,15.3437,1.1687,6.0358,1.1513,32767,15,False,1.830622,True,True,1.0427525170314558,single_complement
15,A,99,batch_reoptimize,3.873,inf,0.0,15.3437,15.3437,1.0,6.0358,1.1513,32767,15,True,-0.565711,True,False,1.0427525170314558,core_nonempty
15,A,123,nearest_neighbor,3.873,inf,0.0,14.1397,13.1549,1.0749,6.4862,1.1454,32767,15,False,0.422439,True,False,1.041836837545462,near_complement
15,A,123,cheapest_insertion,3.873,inf,0.0,13.1549,13.1549,1.0,6.4862,1.1454,32767,15,True,-0.486596,True,False,1.041836837545462,core_nonempty
15,A,123,batch_reoptimize,3.873,inf,0.0,13.1549,13.1549,1.0,6.4862,1.1454,32767,15,True,-0.486596,True,False,1.041836837545462,core_nonempty
15,A,256,nearest_neighbor,3.873,inf,0.0,17.5962,14.2864,1.2317,5.939,1.115,32767,15,False,2.5352,True,True,1.0482319384110557,single_complement
15,A,256,cheapest_insertion,3.873,inf,0.0,14.9255,14.2864,1.0447,5.939,1.115,32767,15,False,0.085833,True,False,1.0482319384110557,near_complement
15,A,256,batch_reoptimize,3.873,inf,0.0,14.2864,14.2864,1.0,5.939,1.115,32767,15,True,-0.491596,True,False,1.0482319384110557,core_nonempty
15,B_heavy,7,nearest_neighbor,3.873,4.0,0.1781,18.2829,15.43,1.1849,6.0307,1.1939,32767,15,False,2.034111,True,False,1.0456868439999574,near_complement
15,B_heavy,7,cheapest_insertion,3.873,4.0,0.1781,17.0712,15.43,1.1064,6.0307,1.1939,32767,15,False,0.915623,True,False,1.0456868439999574,near_complement
15,B_heavy,7,batch_reoptimize,3.873,4.0,0.1781,17.0015,15.43,1.1019,6.0307,1.1939,32767,15,False,0.851351,True,False,1.0456868439999574,near_complement
15,B_heavy,42,nearest_neighbor,3.873,4.0,0.1781,19.9435,14.0883,1.4156,5.6906,1.1213,32767,15,False,4.793934,True,True,1.0510222890608667,single_complement
15,B_heavy,42,cheapest_insertion,3.873,4.0,0.1781,16.516,14.0883,1.1723,5.6906,1.1213,32767,15,False,1.618302,True,True,1.0510222890608667,single_complement
15,B_heavy,42,batch_reoptimize,3.873,4.0,0.1781,16.4881,14.0883,1.1703,5.6906,1.1213,32767,15,False,1.592557,True,True,1.0510222890608667,single_complement
15,B_heavy,99,nearest_neighbor,3.873,4.0,0.1781,21.0026,15.3437,1.3688,6.0358,1.1513,32767,15,False,4.681864,True,True,1.0427525170314558,single_complement
15,B_heavy,99,cheapest_insertion,3.873,4.0,0.1781,16.4543,15.3437,1.0724,6.0358,1.1513,32767,15,False,0.45836,True,False,1.0427525170314558,near_complement
15,B_heavy,99,batch_reoptimize,3.873,4.0,0.1781,16.4543,15.3437,1.0724,6.0358,1.1513,32767,15,False,0.45836,True,False,1.0427525170314558,near_complement
15,B_heavy,123,nearest_neighbor,3.873,4.0,0.1781,17.82,13.1549,1.3546,6.4862,1.1454,32767,15,False,3.840332,True,True,1.041836837545462,single_complement
15,B_heavy,123,cheapest_insertion,3.873,4.0,0.1781,14.1096,13.1549,1.0726,6.4862,1.1454,32767,15,False,0.394657,True,False,1.041836837545462,near_complement
15,B_heavy,123,batch_reoptimize,3.873,4.0,0.1781,14.1096,13.1549,1.0726,6.4862,1.1454,32767,15,False,0.394657,True,False,1.041836837545462,near_complement
15,B_heavy,256,nearest_neighbor,3.873,4.0,0.1781,15.9261,14.2864,1.1148,5.939,1.2804,20479,14,True,-1.048193,True,False,,core_nonempty
15,B_heavy,256,cheapest_insertion,3.873,4.0,0.1781,16.2881,14.2864,1.1401,5.939,1.2804,20479,14,True,-0.867194,True,False,,core_nonempty
15,B_heavy,256,batch_reoptimize,3.873,4.0,0.1781,15.1647,14.2864,1.0615,5.939,1.2804,20479,14,True,-1.428881,True,False,,core_nonempty
15,B_medium,7,nearest_neighbor,3.873,2.0,0.3562,18.2829,15.43,1.1849,6.0307,,7423,12,True,-1.640653,False,False,,core_nonempty
15,B_medium,7,cheapest_insertion,3.873,2.0,0.3562,17.0712,15.43,1.1064,6.0307,,9471,13,True,-2.043656,False,False,,core_nonempty
15,B_medium,7,batch_reoptimize,3.873,2.0,0.3562,17.1694,15.43,1.1127,6.0307,,9471,13,True,-1.99455,False,False,,core_nonempty
15,B_medium,42,nearest_neighbor,3.873,2.0,0.3562,16.6502,14.0883,1.1818,5.6906,1.5437,18431,14,True,-1.72386,True,False,,core_nonempty
15,B_medium,42,cheapest_insertion,3.873,2.0,0.3562,16.516,14.0883,1.1723,5.6906,1.5437,18431,14,True,-1.768587,True,False,,core_nonempty
15,B_medium,42,batch_reoptimize,3.873,2.0,0.3562,16.4881,14.0883,1.1703,5.6906,1.5437,18431,14,True,-1.777884,True,False,,core_nonempty
15,B_medium,99,nearest_neighbor,3.873,2.0,0.3562,21.0026,15.3437,1.3688,6.0358,,6143,12,True,-0.607107,False,False,,core_nonempty
15,B_medium,99,cheapest_insertion,3.873,2.0,0.3562,20.501,15.3437,1.3361,6.0358,,9215,13,True,-0.460317,False,False,,core_nonempty
15,B_medium,99,batch_reoptimize,3.873,2.0,0.3562,16.4543,15.3437,1.0724,6.0358,,10751,13,True,-2.011723,False,False,,core_nonempty
15,B_medium,123,nearest_neighbor,3.873,2.0,0.3562,17.7892,13.1549,1.3523,6.4862,,4607,11,True,-1.994011,False,False,,core_nonempty
15,B_medium,123,cheapest_insertion,3.873,2.0,0.3562,16.077,13.1549,1.2221,6.4862,,6655,12,True,-1.966753,False,False,,core_nonempty
15,B_medium,123,batch_reoptimize,3.873,2.0,0.3562,15.6144,13.1549,1.187,6.4862,,6655,12,True,-2.120974,False,False,,core_nonempty
15,B_medium,256,nearest_neighbor,3.873,2.0,0.3562,18.9428,14.2864,1.3259,5.939,,5311,12,False,0.184794,False,False,,intermediate
15,B_medium,256,cheapest_insertion,3.873,2.0,0.3562,18.0252,14.2864,1.2617,5.939,,6335,12,True,-0.959858,False,False,,core_nonempty
15,B_medium,256,batch_reoptimize,3.873,2.0,0.3562,16.4721,14.2864,1.153,5.939,,6335,12,True,-1.477575,False,False,,core_nonempty
15,B_light,7,nearest_neighbor,3.873,0.5,1.4248,28.1336,15.43,1.8233,6.0307,,67,4,True,-3.051262,False,False,,core_nonempty
15,B_light,7,cheapest_insertion,3.873,0.5,1.4248,27.5897,15.43,1.7881,6.0307,,187,6,True,-3.315341,False,False,,core_nonempty
15,B_light,7,batch_reoptimize,3.873,0.5,1.4248,27.5897,15.43,1.7881,6.0307,,187,6,True,-3.315341,False,False,,core_nonempty
15,B_light,42,nearest_neighbor,3.873,0.5,1.4248,26.274,14.0883,1.865,5.6906,,63,4,True,-2.687299,False,False,,core_nonempty
15,B_light,42,cheapest_insertion,3.873,0.5,1.4248,25.5451,14.0883,1.8132,5.6906,,139,5,True,-2.928267,False,False,,core_nonempty
15,B_light,42,batch_reoptimize,3.873,0.5,1.4248,25.5451,14.0883,1.8132,5.6906,,139,5,True,-2.928267,False,False,,core_nonempty
15,B_light,99,nearest_neighbor,3.873,0.5,1.4248,26.8591,15.3437,1.7505,6.0358,,55,4,True,-2.769468,False,False,,core_nonempty
15,B_light,99,cheapest_insertion,3.873,0.5,1.4248,25.6442,15.3437,1.6713,6.0358,,67,4,True,-2.641078,False,False,,core_nonempty
15,B_light,99,batch_reoptimize,3.873,0.5,1.4248,25.6442,15.3437,1.6713,6.0358,,67,4,True,-2.641078,False,False,,core_nonempty
15,B_light,123,nearest_neighbor,3.873,0.5,1.4248,25.164,13.1549,1.9129,6.4862,,67,4,True,-2.793555,False,False,,core_nonempty
15,B_light,123,cheapest_insertion,3.873,0.5,1.4248,24.8389,13.1549,1.8882,6.4862,,55,4,True,-3.223896,False,False,,core_nonempty
15,B_light,123,batch_reoptimize,3.873,0.5,1.4248,24.8389,13.1549,1.8882,6.4862,,55,4,True,-3.223896,False,False,,core_nonempty
15,B_light,256,nearest_neighbor,3.873,0.5,1.4248,26.4888,14.2864,1.8541,5.939,,49,3,True,-2.663962,False,False,,core_nonempty
15,B_light,256,cheapest_insertion,3.873,0.5,1.4248,27.1918,14.2864,1.9033,5.939,,69,4,True,-2.705132,False,False,,core_nonempty
15,B_light,256,batch_reoptimize,3.873,0.5,1.4248,26.6908,14.2864,1.8683,5.939,,69,4,True,-2.760799,False,False,,core_nonempty
15,C,7,nearest_neighbor,3.873,2.0,0.3562,21.2883,15.43,1.3797,6.0307,1.1939,32767,15,False,4.824697,True,True,1.0456868439999574,single_complement
15,C,7,cheapest_insertion,3.873,2.0,0.3562,18.2299,15.43,1.1815,6.0307,1.1939,32767,15,False,1.985247,True,False,1.0456868439999574,near_complement
15,C,7,batch_reoptimize,3.873,2.0,0.3562,17.6279,15.43,1.1424,6.0307,1.1939,32767,15,False,1.429544,True,False,1.0456868439999574,near_complement
15,C,42,nearest_neighbor,3.873,2.0,0.3562,15.0467,14.0883,1.068,5.6906,1.1213,32767,15,False,0.281223,True,False,1.0510222890608667,near_complement
15,C,42,cheapest_insertion,3.873,2.0,0.3562,15.8197,14.0883,1.1229,5.6906,1.1213,32767,15,False,0.975572,True,True,1.0510222890608667,single_complement
15,C,42,batch_reoptimize,3.873,2.0,0.3562,14.1228,14.0883,1.0025,5.6906,1.1213,32767,15,True,-0.540013,True,False,1.0510222890608667,core_nonempty
15,C,99,nearest_neighbor,3.873,2.0,0.3562,17.6081,15.3437,1.1476,6.0358,1.1513,32767,15,False,1.529782,True,False,1.0427525170314558,near_complement
15,C,99,cheapest_insertion,3.873,2.0,0.3562,18.7316,15.3437,1.2208,6.0358,1.1513,32767,15,False,2.573015,True,True,1.0427525170314558,single_complement
15,C,99,batch_reoptimize,3.873,2.0,0.3562,16.2195,15.3437,1.0571,6.0358,1.1513,32767,15,False,0.240388,True,False,1.0427525170314558,near_complement
15,C,123,nearest_neighbor,3.873,2.0,0.3562,15.0039,13.1549,1.1406,6.4862,1.1454,32767,15,False,1.22014,True,False,1.041836837545462,near_complement
15,C,123,cheapest_insertion,3.873,2.0,0.3562,13.1549,13.1549,1.0,6.4862,1.1454,32767,15,True,-0.486596,True,False,1.041836837545462,core_nonempty
15,C,123,batch_reoptimize,3.873,2.0,0.3562,13.1549,13.1549,1.0,6.4862,1.1454,32767,15,True,-0.486596,True,False,1.041836837545462,core_nonempty
15,C,256,nearest_neighbor,3.873,2.0,0.3562,20.8055,14.2864,1.4563,5.939,1.115,32767,15,False,5.497663,True,True,1.0482319384110557,single_complement
15,C,256,cheapest_insertion,3.873,2.0,0.3562,17.4797,14.2864,1.2235,5.939,1.115,32767,15,False,2.427642,True,True,1.0482319384110557,single_complement
15,C,256,batch_reoptimize,3.873,2.0,0.3562,16.425,14.2864,1.1497,5.939,1.115,32767,15,False,1.454155,True,True,1.0482319384110557,single_complement
15,D,7,nearest_neighbor,3.873,1.0,0.7124,21.6486,15.43,1.403,6.0307,,463,7,True,-2.392375,False,False,,core_nonempty
15,D,7,cheapest_insertion,3.873,1.0,0.7124,18.8193,15.43,1.2197,6.0307,,1391,10,True,-2.70943,False,False,,core_nonempty
15,D,7,batch_reoptimize,3.873,1.0,0.7124,18.8193,15.43,1.2197,6.0307,,1391,10,True,-2.70943,False,False,,core_nonempty
15,D,42,nearest_neighbor,3.873,1.0,0.7124,21.221,14.0883,1.5063,5.6906,,779,8,True,-2.094848,False,False,,core_nonempty
15,D,42,cheapest_insertion,3.873,1.0,0.7124,19.1435,14.0883,1.3588,5.6906,,907,9,True,-2.467667,False,False,,core_nonempty
15,D,42,batch_reoptimize,3.873,1.0,0.7124,18.2935,14.0883,1.2985,5.6906,,907,9,True,-2.609334,False,False,,core_nonempty
15,D,99,nearest_neighbor,3.873,1.0,0.7124,22.4698,15.3437,1.4644,6.0358,,703,8,True,-1.409512,False,False,,core_nonempty
15,D,99,cheapest_insertion,3.873,1.0,0.7124,20.3436,15.3437,1.3259,6.0358,,1439,10,True,-2.262037,False,False,,core_nonempty
15,D,99,batch_reoptimize,3.873,1.0,0.7124,18.4878,15.3437,1.2049,6.0358,,735,8,True,-2.440038,False,False,,core_nonempty
15,D,123,nearest_neighbor,3.873,1.0,0.7124,15.2332,13.1549,1.158,6.4862,,151,6,True,-3.410406,False,False,,core_nonempty
15,D,123,cheapest_insertion,3.873,1.0,0.7124,15.9867,13.1549,1.2153,6.4862,,223,7,True,-3.301234,False,False,,core_nonempty
15,D,123,batch_reoptimize,3.873,1.0,0.7124,15.2332,13.1549,1.158,6.4862,,151,6,True,-3.410406,False,False,,core_nonempty
15,D,256,nearest_neighbor,3.873,1.0,0.7124,21.5349,14.2864,1.5074,5.939,,189,6,True,-2.287477,False,False,,core_nonempty
15,D,256,cheapest_insertion,3.873,1.0,0.7124,17.7657,14.2864,1.2435,5.939,,221,7,True,-2.915382,False,False,,core_nonempty
15,D,256,batch_reoptimize,3.873,1.0,0.7124,17.7657,14.2864,1.2435,5.939,,221,7,True,-2.915382,False,False,,core_nonempty
15,E,7,nearest_neighbor,3.873,1.0,0.7124,20.163,15.43,1.3067,6.0307,,2567,11,True,-3.314881,False,False,,core_nonempty
15,E,7,cheapest_insertion,3.873,1.0,0.7124,20.9923,15.43,1.3605,6.0307,,4487,12,True,-2.881058,False,False,,core_nonempty
15,E,7,batch_reoptimize,3.873,1.0,0.7124,20.9923,15.43,1.3605,6.0307,,4487,12,True,-2.881058,False,False,,core_nonempty
15,E,42,nearest_neighbor,3.873,1.0,0.7124,19.0259,14.0883,1.3505,5.6906,,2175,10,True,-0.990658,False,False,,core_nonempty
15,E,42,cheapest_insertion,3.873,1.0,0.7124,18.3788,14.0883,1.3045,5.6906,,2175,10,True,-1.314209,False,False,,core_nonempty
15,E,42,batch_reoptimize,3.873,1.0,0.7124,17.6572,14.0883,1.2533,5.6906,,2175,10,True,-1.674985,False,False,,core_nonempty
15,E,99,nearest_neighbor,3.873,1.0,0.7124,21.4942,15.3437,1.4008,6.0358,,655,8,True,-2.993529,False,False,,core_nonempty
15,E,99,cheapest_insertion,3.873,1.0,0.7124,20.2109,15.3437,1.3172,6.0358,,1519,10,True,-2.538146,False,False,,core_nonempty
15,E,99,batch_reoptimize,3.873,1.0,0.7124,19.868,15.3437,1.2949,6.0358,,655,8,True,-3.311313,False,False,,core_nonempty
15,E,123,nearest_neighbor,3.873,1.0,0.7124,21.9355,13.1549,1.6675,6.4862,,1343,9,True,-0.731443,False,False,,core_nonempty
15,E,123,cheapest_insertion,3.873,1.0,0.7124,18.1454,13.1549,1.3794,6.4862,,1407,9,True,-2.405519,False,False,,core_nonempty
15,E,123,batch_reoptimize,3.873,1.0,0.7124,18.4822,13.1549,1.405,6.4862,,1791,10,True,-2.388257,False,False,,core_nonempty
15,E,256,nearest_neighbor,3.873,1.0,0.7124,20.3998,14.2864,1.4279,5.939,,311,8,True,-2.507866,False,False,,core_nonempty
15,E,256,cheapest_insertion,3.873,1.0,0.7124,20.9434,14.2864,1.466,5.939,,311,8,True,-2.417261,False,False,,core_nonempty
15,E,256,batch_reoptimize,3.873,1.0,0.7124,19.9695,14.2864,1.3978,5.939,,311,8,True,-2.579574,False,False,,core_nonempty
